Simulation_num.,Scenario_ID.string,Simulation_ID.string,Model_mode.string,Scenario_start.real,Scenario_end.real,Step_length.real,Parallel_TPC.string,Spatial_interventions.string,Deterministic_trans.string,Completed.string
1,CALIBRATION,v1,Calibration,2010,2020,5,N,N,N,Y
2,CALIBRATION,v2,Calibration,2010,2020,5,N,N,N,Y
3,CALIBRATION,v3,Calibration,2010,2020,5,N,N,N,Y
4,CALIBRATION,v4,Calibration,2010,2020,5,N,N,N,Y
5,CALIBRATION,v5,Calibration,2010,2020,5,N,N,N,Y
6,CALIBRATION,v6,Calibration,2010,2020,5,N,N,N,Y
7,CALIBRATION,v7,Calibration,2010,2020,5,N,N,N,Y
8,CALIBRATION,v8,Calibration,2010,2020,5,N,N,N,Y
9,CALIBRATION,v9,Calibration,2010,2020,5,N,N,N,Y
10,CALIBRATION,v10,Calibration,2010,2020,5,N,N,N,Y
11,CALIBRATION,v11,Calibration,2010,2020,5,N,N,N,Y
12,CALIBRATION,v12,Calibration,2010,2020,5,N,N,N,Y
13,CALIBRATION,v13,Calibration,2010,2020,5,N,N,N,Y
14,CALIBRATION,v14,Calibration,2010,2020,5,N,N,N,Y
15,CALIBRATION,v15,Calibration,2010,2020,5,N,N,N,Y
16,CALIBRATION,v16,Calibration,2010,2020,5,N,N,N,Y
17,CALIBRATION,v17,Calibration,2010,2020,5,N,N,N,Y
18,CALIBRATION,v18,Calibration,2010,2020,5,N,N,N,Y
19,CALIBRATION,v19,Calibration,2010,2020,5,N,N,N,Y
20,CALIBRATION,v20,Calibration,2010,2020,5,N,N,N,Y
21,CALIBRATION,v21,Calibration,2010,2020,5,N,N,N,Y
22,CALIBRATION,v22,Calibration,2010,2020,5,N,N,N,Y
23,CALIBRATION,v23,Calibration,2010,2020,5,N,N,N,Y
24,CALIBRATION,v24,Calibration,2010,2020,5,N,N,N,Y
25,CALIBRATION,v25,Calibration,2010,2020,5,N,N,N,Y
26,CALIBRATION,v26,Calibration,2010,2020,5,N,N,N,Y
27,CALIBRATION,v27,Calibration,2010,2020,5,N,N,N,Y
28,CALIBRATION,v28,Calibration,2010,2020,5,N,N,N,Y
29,CALIBRATION,v29,Calibration,2010,2020,5,N,N,N,Y
30,CALIBRATION,v30,Calibration,2010,2020,5,N,N,N,Y
31,CALIBRATION,v31,Calibration,2010,2020,5,N,N,N,Y
32,CALIBRATION,v32,Calibration,2010,2020,5,N,N,N,Y
33,CALIBRATION,v33,Calibration,2010,2020,5,N,N,N,Y
34,CALIBRATION,v34,Calibration,2010,2020,5,N,N,N,Y
35,CALIBRATION,v35,Calibration,2010,2020,5,N,N,N,Y
36,CALIBRATION,v36,Calibration,2010,2020,5,N,N,N,Y
37,CALIBRATION,v37,Calibration,2010,2020,5,N,N,N,Y
38,CALIBRATION,v38,Calibration,2010,2020,5,N,N,N,Y
39,CALIBRATION,v39,Calibration,2010,2020,5,N,N,N,Y
40,CALIBRATION,v40,Calibration,2010,2020,5,N,N,N,Y
41,CALIBRATION,v41,Calibration,2010,2020,5,N,N,N,Y
42,CALIBRATION,v42,Calibration,2010,2020,5,N,N,N,Y
43,CALIBRATION,v43,Calibration,2010,2020,5,N,N,N,Y
44,CALIBRATION,v44,Calibration,2010,2020,5,N,N,N,Y
45,CALIBRATION,v45,Calibration,2010,2020,5,N,N,N,Y
46,CALIBRATION,v46,Calibration,2010,2020,5,N,N,N,Y
47,CALIBRATION,v47,Calibration,2010,2020,5,N,N,N,Y
48,CALIBRATION,v48,Calibration,2010,2020,5,N,N,N,Y
49,CALIBRATION,v49,Calibration,2010,2020,5,N,N,N,Y
50,CALIBRATION,v50,Calibration,2010,2020,5,N,N,N,Y
51,CALIBRATION,v51,Calibration,2010,2020,5,N,N,N,Y
52,CALIBRATION,v52,Calibration,2010,2020,5,N,N,N,Y
53,CALIBRATION,v53,Calibration,2010,2020,5,N,N,N,Y
54,CALIBRATION,v54,Calibration,2010,2020,5,N,N,N,Y
55,CALIBRATION,v55,Calibration,2010,2020,5,N,N,N,Y
56,CALIBRATION,v56,Calibration,2010,2020,5,N,N,N,Y
57,CALIBRATION,v57,Calibration,2010,2020,5,N,N,N,Y
58,CALIBRATION,v58,Calibration,2010,2020,5,N,N,N,Y
59,CALIBRATION,v59,Calibration,2010,2020,5,N,N,N,Y
60,CALIBRATION,v60,Calibration,2010,2020,5,N,N,N,Y
61,CALIBRATION,v61,Calibration,2010,2020,5,N,N,N,Y
62,CALIBRATION,v62,Calibration,2010,2020,5,N,N,N,Y
63,CALIBRATION,v63,Calibration,2010,2020,5,N,N,N,Y
64,CALIBRATION,v64,Calibration,2010,2020,5,N,N,N,Y
65,CALIBRATION,v65,Calibration,2010,2020,5,N,N,N,Y
66,CALIBRATION,v66,Calibration,2010,2020,5,N,N,N,Y
67,CALIBRATION,v67,Calibration,2010,2020,5,N,N,N,Y
68,CALIBRATION,v68,Calibration,2010,2020,5,N,N,N,Y
69,CALIBRATION,v69,Calibration,2010,2020,5,N,N,N,Y
70,CALIBRATION,v70,Calibration,2010,2020,5,N,N,N,Y
71,CALIBRATION,v71,Calibration,2010,2020,5,N,N,N,Y
72,CALIBRATION,v72,Calibration,2010,2020,5,N,N,N,ERROR
73,CALIBRATION,v73,Calibration,2010,2020,5,N,N,N,N
74,CALIBRATION,v74,Calibration,2010,2020,5,N,N,N,N
75,CALIBRATION,v75,Calibration,2010,2020,5,N,N,N,N
76,CALIBRATION,v76,Calibration,2010,2020,5,N,N,N,N
77,CALIBRATION,v77,Calibration,2010,2020,5,N,N,N,N
78,CALIBRATION,v78,Calibration,2010,2020,5,N,N,N,N
79,CALIBRATION,v79,Calibration,2010,2020,5,N,N,N,N
80,CALIBRATION,v80,Calibration,2010,2020,5,N,N,N,N
81,CALIBRATION,v81,Calibration,2010,2020,5,N,N,N,N
82,CALIBRATION,v82,Calibration,2010,2020,5,N,N,N,N
83,CALIBRATION,v83,Calibration,2010,2020,5,N,N,N,N
84,CALIBRATION,v84,Calibration,2010,2020,5,N,N,N,N
85,CALIBRATION,v85,Calibration,2010,2020,5,N,N,N,N
86,CALIBRATION,v86,Calibration,2010,2020,5,N,N,N,N
87,CALIBRATION,v87,Calibration,2010,2020,5,N,N,N,N
88,CALIBRATION,v88,Calibration,2010,2020,5,N,N,N,N
89,CALIBRATION,v89,Calibration,2010,2020,5,N,N,N,N
90,CALIBRATION,v90,Calibration,2010,2020,5,N,N,N,N
91,CALIBRATION,v91,Calibration,2010,2020,5,N,N,N,N
92,CALIBRATION,v92,Calibration,2010,2020,5,N,N,N,N
93,CALIBRATION,v93,Calibration,2010,2020,5,N,N,N,N
94,CALIBRATION,v94,Calibration,2010,2020,5,N,N,N,N
95,CALIBRATION,v95,Calibration,2010,2020,5,N,N,N,N
96,CALIBRATION,v96,Calibration,2010,2020,5,N,N,N,N
97,CALIBRATION,v97,Calibration,2010,2020,5,N,N,N,N
98,CALIBRATION,v98,Calibration,2010,2020,5,N,N,N,N
99,CALIBRATION,v99,Calibration,2010,2020,5,N,N,N,N
100,CALIBRATION,v100,Calibration,2010,2020,5,N,N,N,N
